epoch,step,train_loss
0,49,5.150745868682861
1,99,4.351290225982666
2,149,7.516190052032471
3,199,7.669360637664795
4,249,7.752512454986572
5,299,7.674864768981934
6,349,3.0029067993164062
7,399,4.146161079406738
8,449,8.528400421142578
9,499,9.363067626953125
10,549,7.9429192543029785
11,599,6.583968162536621
12,649,9.590843200683594
13,699,8.495734214782715
14,749,5.55178689956665
15,799,5.120850563049316
