{"_step":7490,"train/loss":-0.026086783,"_wandb":{"runtime":94269},"_runtime":94248.8638582,"train/explained_variance":0.7011008,"train/value_loss":0.0008221749,"train/clip_range":0.2,"train/policy_gradient_loss":-0.020067612,"rollout/ep_len_mean":23.89,"train/learning_rate":0.0003,"_timestamp":1.7473037100543053e+09,"train/entropy_loss":-0.15034504,"train/clip_fraction":0.10005,"rollout/ep_rew_mean":1,"time/fps":53,"global_step":5000000,"train/approx_kl":0.052619603}